{"t_min":1725148800000,"t_max":1748736000000,"pass@1":0.1318681319,"pass@1_std":0.0125486085,"pass@6":0.2266483516,"Tasks":728,"model":"aider-Qwen2.5-Coder-32B"}