{"t_min":1725148800000,"t_max":1748736000000,"pass@1":0.1456043956,"pass@1_std":0.0130812589,"pass@6":0.2596153846,"Tasks":728,"model":"aider-DeepSeek-R1-DQ32B"}