{"t_min":1725148800000,"t_max":1748736000000,"pass@1":0.0247252747,"pass@1_std":0.0057592621,"pass@6":0.0521978022,"Tasks":728,"model":"aider-Qwen2.5-Coder-7B"}