{"t_min":1725148800000,"t_max":1748736000000,"pass@1":0.2967032967,"pass@1_std":0.0169419451,"pass@6":0.4285714286,"Tasks":728,"model":"aider-deepseek-r1"}