{"t_min":1725148800000,"t_max":1748736000000,"pass@1":0.0398351648,"pass@1_std":0.0072533561,"pass@6":0.092032967,"Tasks":728,"model":"aider-Codestral-v0.1"}