{"t_min":1725148800000,"t_max":1748736000000,"pass@1":0.1291208791,"pass@1_std":0.0124368378,"pass@6":0.2541208791,"Tasks":728,"model":"aider-Qwen3-32B"}