{"t_min":1725148800000,"t_max":1748736000000,"pass@1":0.0879120879,"pass@1_std":0.0105020829,"pass@6":0.1936813187,"Tasks":728,"model":"aider-Qwen2.5-Coder-14B"}