{"t_min":1725148800000,"t_max":1748736000000,"pass@1":0.0947802198,"pass@1_std":0.0108634725,"pass@6":0.1620879121,"Tasks":728,"model":"aider-Llama-3.3-70B"}