{"t_min":1725148800000,"t_max":1748736000000,"pass@1":0.1222527473,"pass@1_std":0.0121491767,"pass@6":0.2445054945,"Tasks":728,"model":"aider-QwQ-32B"}