{"t_min":1725148800000,"t_max":1748736000000,"pass@1":0.1730769231,"pass@1_std":0.0140308807,"pass@6":0.2980769231,"Tasks":728,"model":"aider-Devstral-24B"}